x,y,nx_in_y,nx_not_in_y,not_nx_in_y,not_nx_not_in_y,oddsr,p,p_adj_bh
A,3₁₀-helix,19016,721765,247507,9500868,1.0113445734068587,0.1399710080967903,0.14256306380228642
A,IDR,198128,542653,2462106,7286269,1.0804933581531548,2.0303310879508325e-177,3.6612527815506816e-177
A,PPII-helix,29080,711701,371805,9376570,1.0304468606732158,1.3987711762012134e-06,1.5463801947953113e-06
A,bend,33817,706964,597966,9150409,0.7319843463496354,0.0,0.0
A,loop,2345,738436,38340,9710035,0.8042640800403276,1.3981428266194515e-24,1.6994001207529244e-24
A,turn,48438,692343,807144,8941231,0.7750169301667122,0.0,0.0
A,unassigned,45940,694841,898080,8850295,0.6515507908682372,0.0,0.0
A,ß-bridge,2673,738108,58113,9690262,0.6038669622536644,8.40629385828717e-146,1.4562083849001396e-145
A,ß-strand,66059,674722,1172393,8575982,0.7161727101438227,0.0,0.0
A,α-helix,292900,447881,3047758,6700617,1.4377753958550414,0.0,0.0
A,π-helix,2004,738777,41339,9707036,0.636958334181037,1.109605609782768e-87,1.7436659582300642e-87
C,3₁₀-helix,5910,235606,260613,9987027,0.9612609128069128,0.003075155997134606,0.0032215919969981587
C,IDR,45322,196194,2614912,7632728,0.6742889657944864,0.0,0.0
C,PPII-helix,7909,233607,392976,9854664,0.8490074808135737,1.1448795984207751e-45,1.5547747632874724e-45
C,bend,14927,226589,616856,9630784,1.0285172010221448,0.0010241254538243055,0.0010832096146218616
C,loop,1496,240020,39189,10208451,1.623602940077533,1.905666487134319e-76,2.9114349108996544e-76
C,turn,23374,218142,832208,9415432,1.2122776933367028,4.885122232158929e-168,8.667152347378745e-168
C,unassigned,32730,208786,911290,9336350,1.6060725181289608,0.0,0.0
C,ß-bridge,2599,238917,58187,10189453,1.9049524106609161,6.398210235931311e-232,1.3279304263253664e-231
C,ß-strand,42278,199238,1196174,9051466,1.6057089457926008,0.0,0.0
C,α-helix,63842,177674,3276816,6970824,0.7643894182184862,0.0,0.0
C,π-helix,1022,240494,42321,10205319,1.0247485523890902,0.4504785323152718,0.4525355119148849
D,3₁₀-helix,18098,476063,248425,9746570,1.491497956124219,0.0,0.0
D,IDR,134131,360030,2526103,7468892,1.1015281417504619,4.6270903645095276e-191,8.851825045148662e-191
D,PPII-helix,10404,483757,390481,9604514,0.5289913471841408,0.0,0.0
D,bend,40826,453335,590957,9404038,1.4330986106206716,0.0,0.0
D,loop,2579,491582,38106,9956889,1.370836540990416,2.756631888218045e-54,3.8383481987846194e-54
D,turn,58957,435204,796625,9198370,1.5642257884957131,0.0,0.0
D,unassigned,74626,419535,869394,9125601,1.8670966652874157,0.0,0.0
D,ß-bridge,2236,491925,58550,9936445,0.7713953889039846,2.136502461668232e-33,2.7169395466301214e-33
D,ß-strand,32201,461960,1206251,8788744,0.5078718179445094,0.0,0.0
D,α-helix,118329,375832,3222329,6772666,0.6617397421583713,0.0,0.0
D,π-helix,1450,492711,41893,9953102,0.6991860214825965,3.7062816230216123e-41,4.882526689010508e-41
E,3₁₀-helix,22599,719371,243924,9503262,1.2239240409788865,1.0683729820567873e-180,1.975143328172212e-180
E,IDR,193974,547996,2466260,7280926,1.0449942266328898,6.113742400766455e-58,8.567027567952995e-58
E,PPII-helix,20291,721679,380594,9366592,0.6919569067611501,0.0,0.0
E,bend,42903,699067,588880,9158306,0.9544588417366126,1.4987906755381142e-19,1.7823456682074872e-19
E,loop,3203,738767,37482,9709704,1.1231368724100474,3.2064599235572203e-10,3.5990876692989207e-10
E,turn,63429,678541,792153,8955033,1.0567442400816278,1.8127154890456597e-37,2.345867103470854e-37
E,unassigned,47023,694947,896997,8850189,0.6676059572741855,0.0,0.0
E,ß-bridge,2455,739515,58331,9688855,0.5514136892875623,3.1709814144941185e-188,6.013930268868157e-188
E,ß-strand,58859,683111,1179593,8567593,0.6258182750227546,0.0,0.0
E,α-helix,284425,457545,3056233,6690953,1.3609290090752484,0.0,0.0
E,π-helix,2364,739606,40979,9706207,0.7570686096416713,1.3287005616876317e-39,1.7296693702442544e-39
F,3₁₀-helix,12508,374023,254015,9848610,1.296597380936749,3.355647198379606e-172,6.001970598727751e-172
F,IDR,56439,330092,2603795,7498830,0.4924147240869596,0.0,0.0
F,PPII-helix,6851,379680,394034,9708591,0.4445890427077317,0.0,0.0
F,bend,20325,366206,611458,9491167,0.8615055551781208,3.5417609944712e-92,5.605664883335713e-92
F,loop,797,385734,39888,10062737,0.5212478318121749,1.942279656586495e-76,2.946907065165717e-76
F,turn,24275,362256,831307,9271318,0.7473494015186588,0.0,0.0
F,unassigned,30964,355567,913056,9189569,0.876462500633678,2.9142969556254318e-106,4.749224668426629e-106
F,ß-bridge,4019,382512,56767,10045858,1.85936235378062,0.0,0.0
F,ß-strand,81717,304814,1156735,8945890,2.073324031423576,0.0,0.0
F,α-helix,144568,241963,3196090,6906535,1.2911135206236226,0.0,0.0
F,π-helix,3871,382660,39472,10063153,2.5790220053692168,0.0,0.0
G,3₁₀-helix,13370,677573,253153,9545060,0.7439965124059951,2.1283164402926644e-240,4.5904864398469233e-240
G,IDR,231154,459789,2429080,7369133,1.5251670450966994,0.0,0.0
G,PPII-helix,19696,671247,381189,9417024,0.7248848037521815,0.0,0.0
G,bend,76053,614890,555730,9242483,2.0570447436420833,0.0,0.0
G,loop,3588,687355,37097,9761116,1.3735106209875725,8.515115041718623e-74,1.2657603440392548e-73
G,turn,119764,571179,735818,9062395,2.5824185992817803,0.0,0.0
G,unassigned,71671,619272,872349,8925864,1.1841917136317,0.0,0.0
G,ß-bridge,2899,688044,57887,9740326,0.7089644409888239,2.4747230135645883e-73,3.6539534428470435e-73
G,ß-strand,48115,642828,1190337,8607876,0.5412672791049404,0.0,0.0
G,α-helix,102139,588804,3238519,6559694,0.3513645813807009,0.0,0.0
G,π-helix,2129,688814,41214,9756999,0.7317204447525675,5.093029971909401e-45,6.874028182945204e-45
H,3₁₀-helix,8560,268223,257963,9954410,1.2315040784440126,6.221725308938454e-78,9.571885090674544e-78
H,IDR,65044,211739,2595190,7617183,0.9016367686595321,3.3880525911774267e-115,5.646754318629045e-115
H,PPII-helix,5795,270988,395090,9817283,0.5313719846735757,0.0,0.0
H,bend,18468,258315,613315,9599058,1.11896182299813,6.348308720095436e-48,8.674707567832273e-48
H,loop,925,275858,39760,10172613,0.8579111191192133,4.45290636764696e-06,4.873827865086224e-06
H,turn,25909,250874,829673,9382700,1.1679274613123358,1.3404606799787384e-121,2.2511553404223086e-121
H,unassigned,28839,247944,915181,9297192,1.1816024925249224,4.594930255462744e-154,8.022894096839712e-154
H,ß-bridge,1669,275114,59117,10153256,1.0419253269433937,0.1016093497587511,0.10397235789267555
H,ß-strand,32853,243930,1205599,9006774,1.0061812134382033,0.30227519807574743,0.3064541178648131
H,α-helix,87164,189619,3253494,6958879,0.9832061243392985,4.464307829962352e-05,4.7909645004474024e-05
H,π-helix,1392,275391,41951,10170422,1.2254233401993253,1.0004538819635617e-13,1.1523552567119559e-13
I,3₁₀-helix,6978,446760,259545,9775873,0.5883009733758596,0.0,0.0
I,IDR,64732,389006,2595502,7439916,0.47699012701012516,0.0,0.0
I,PPII-helix,9659,444079,391226,9644192,0.5361793307351436,0.0,0.0
I,bend,17798,435940,613985,9421433,0.6264749142782848,0.0,0.0
I,loop,1021,452717,39664,9995754,0.5683527805724199,1.1168656227062416e-72,1.6380695799691545e-72
I,turn,15067,438671,840515,9194903,0.3757418309615162,0.0,0.0
I,unassigned,34568,419170,909452,9125966,0.8275288143384932,2.7815091851986e-242,6.058732878650416e-242
I,ß-bridge,3756,449982,57030,9978388,1.4604525704203106,2.9296753603590353e-112,4.846079543451036e-112
I,ß-strand,102193,351545,1136259,8899159,2.2767316941206537,0.0,0.0
I,α-helix,194179,259559,3146479,6888939,1.6379237095692958,0.0,0.0
I,π-helix,3547,450191,39796,9995622,1.9789498199247584,0.0,0.0
K,3₁₀-helix,15844,586899,250679,9635734,1.0376916286743618,8.468411568674687e-06,9.223022500536788e-06
K,IDR,142994,459749,2517240,7369173,0.9105234800808188,4.457746426419772e-199,8.756287623324553e-199
K,PPII-helix,20273,582470,380612,9505801,0.8692620104155239,1.7833294578619244e-81,2.762904793870587e-81
K,bend,35880,566863,595903,9290510,0.9868208270864559,0.01807809925671145,0.018584961852694013
K,loop,2910,599833,37775,9848638,1.2648363426077482,3.093123911497377e-34,3.956321282147807e-34
K,turn,54014,548729,801568,9084845,1.1156438559982835,3.737964813122155e-122,6.325786606822109e-122
K,unassigned,52092,550651,891928,8994485,0.9539840281479428,1.7448228825184423e-23,2.1091265612860292e-23
K,ß-bridge,2994,599749,57792,9828621,0.848998900524272,2.965105600704817e-18,3.488359530240961e-18
K,ß-strand,58183,544560,1180269,8706144,0.7881252078157451,0.0,0.0
K,α-helix,215360,387383,3125298,6761115,1.2026835568512093,0.0,0.0
K,π-helix,1819,600924,41524,9844889,0.7176699981617302,8.310898857123628e-44,1.1148766759556086e-43
L,3₁₀-helix,27708,1023050,238815,9199583,1.0433135790164219,4.3969738031257186e-11,4.986258951998238e-11
L,IDR,181123,869635,2479111,6959287,0.5846626723620875,0.0,0.0
L,PPII-helix,28372,1022386,372513,9065885,0.6753732102745406,0.0,0.0
L,bend,47355,1003403,584428,8853970,0.714985899592337,0.0,0.0
L,loop,2186,1048572,38499,9399899,0.509009208536072,1.854726318415059e-214,3.6760341446064235e-214
L,turn,53649,997109,801933,8636465,0.5794512806634076,0.0,0.0
L,unassigned,71486,979272,872534,8565864,0.7166489608632012,0.0,0.0
L,ß-bridge,5782,1044976,55004,9383394,0.94392491645682,3.2322440495834334e-05,3.502924585755445e-05
L,ß-strand,142797,907961,1095655,8342743,1.1975314540318573,0.0,0.0
L,α-helix,483694,567064,2856964,6581434,1.9649630388847161,0.0,0.0
L,π-helix,6024,1044734,37319,9401079,1.4525361136368393,4.50983481101542e-160,7.937309267387139e-160
M,3₁₀-helix,4796,221083,261727,10001550,0.82897724307751,3.2886940267562125e-37,4.231068338516765e-37
M,IDR,55255,170624,2604979,7658298,0.9520494340883734,3.040173825257002e-23,3.654853778997489e-23
M,PPII-helix,5234,220645,395651,9867626,0.5916161770648378,4.347221896756e-311,9.7590695641463e-311
M,bend,10057,215822,621726,9641551,0.7226376928257529,8.775952453131458e-221,1.7551904906262916e-220
M,loop,530,225349,40155,10223122,0.5987756732474352,2.8071035353654143e-32,3.5289301587450926e-32
M,turn,11944,213935,843638,9419639,0.6233702600426801,0.0,0.0
M,unassigned,17857,208022,926163,9337114,0.8654150934800618,2.2775316619824987e-75,3.4318970249051346e-75
M,ß-bridge,1175,224704,59611,10203666,0.8950697710318051,0.00018325256556124683,0.0001957066234149238
M,ß-strand,25532,200347,1212920,9050357,0.9509015285745662,6.644919808960521e-14,7.734827290853516e-14
M,α-helix,92328,133551,3248330,7014947,1.4929681223482631,0.0,0.0
M,π-helix,1030,224849,42313,10220964,1.106532833281074,0.0014349493008906499,0.0015104729483059473
N,3₁₀-helix,11397,364651,255126,9857982,1.207664889480827,4.0769616646063016e-84,6.3612167816552225e-84
N,IDR,91155,284893,2569079,7544029,0.9395601897974925,2.7079283290391007e-58,3.818873284542322e-58
N,PPII-helix,5611,370437,395274,9717834,0.3723892520816396,0.0,0.0
N,bend,32682,343366,599101,9514007,1.5115229949607427,0.0,0.0
N,loop,1711,374337,38974,10074134,1.1814626494705331,1.6945534112555633e-11,1.941675783730333e-11
N,turn,56142,319906,799440,9313668,2.0445624137042224,0.0,0.0
N,unassigned,52113,323935,891907,9221201,1.6632445796140087,0.0,0.0
N,ß-bridge,2147,373901,58639,10054469,0.9845731809453979,0.487311716600363,0.487311716600363
N,ß-strand,27472,348576,1210980,8902128,0.5793615372431392,0.0,0.0
N,α-helix,94053,281995,3246605,6866503,0.7054031679489613,0.0,0.0
N,π-helix,1375,374673,41968,10071140,0.8806648453239763,3.865576430028416e-06,4.252134073031258e-06
P,3₁₀-helix,17912,644586,248611,9578047,1.0705817487307783,3.4996540552999715e-18,4.0953398519467754e-18
P,IDR,254797,407701,2405437,7421221,1.9281193429572885,0.0,0.0
P,PPII-helix,126476,536022,274409,9552249,8.213585657626135,0.0,0.0
P,bend,33777,628721,598006,9228652,0.8290788484708979,2.64165694586765e-234,5.588120462412337e-234
P,loop,3785,658713,36900,9789758,1.524457212793493,7.414659047391897e-136,1.2645154964544322e-135
P,turn,64555,597943,791027,9035631,1.233210684272744,0.0,0.0
P,unassigned,74710,587788,869310,8957348,1.3096727538773514,0.0,0.0
P,ß-bridge,2943,659555,57843,9768815,0.7535816606676461,9.995310400207298e-51,1.3829989232991229e-50
P,ß-strand,23415,639083,1215037,8611621,0.2596762924776189,0.0,0.0
P,α-helix,59440,603058,3281218,6545440,0.19661809253511547,0.0,0.0
P,π-helix,222,662276,43121,9783537,0.07605381874505328,0.0,0.0
Q,3₁₀-helix,11874,487339,254649,9735294,0.9314787961361969,8.224618231201561e-14,9.523242162443913e-14
Q,IDR,125733,373480,2534501,7455442,0.9902910564974438,0.0035127199789819212,0.003662551636853188
Q,PPII-helix,15321,483892,385564,9604379,0.7886993497130439,9.65527326523802e-178,1.7555042300432761e-177
Q,bend,28130,471083,603653,9386290,0.928493579275261,3.3023254233448277e-32,4.1279067791810346e-32
Q,loop,1703,497510,38982,9950961,0.873803420517013,5.563063413586357e-08,6.181181570651508e-08
Q,turn,36708,462505,818874,9171069,0.888888258925831,2.965121729730917e-100,4.761509347013152e-100
Q,unassigned,35442,463771,908578,9081365,0.7638420228081882,0.0,0.0
Q,ß-bridge,2180,497033,58606,9931337,0.7432534053380304,3.338595421358753e-42,4.4246445343308776e-42
Q,ß-strand,44469,454744,1193983,8795960,0.7204029592501562,0.0,0.0
Q,α-helix,196014,303199,3144644,6845299,1.4072791801776443,0.0,0.0
Q,π-helix,1282,497931,42061,9947882,0.6089335338253835,1.1820619080006207e-69,1.7108790773693193e-69
R,3₁₀-helix,15287,581640,251236,9640993,1.0085742990649826,0.3137147443526476,0.3165928612733141
R,IDR,147761,449166,2512473,7379756,0.9662589875896512,1.0162025491826885e-28,1.2420253378899526e-28
R,PPII-helix,21157,575770,379728,9512501,0.9205071092893536,1.1088557010879805e-30,1.378238724516134e-30
R,bend,35508,561419,596275,9295954,0.9860216931642732,0.012549134499343447,0.01296154737021389
R,loop,2122,594805,38563,9853666,0.9115863089495262,3.5519170969663906e-05,3.8304988300617936e-05
R,turn,47313,549614,808269,9083960,0.9674799880098818,2.0255996698013806e-11,2.30897371687204e-11
R,unassigned,46752,550175,897268,8994961,0.8518761263262574,3.472090218687207e-231,7.138877085151267e-231
R,ß-bridge,3647,593280,57139,9835090,1.0580879249886719,0.0010106272777708457,0.0010740966237178069
R,ß-strand,62554,534373,1175898,8716331,0.8677100778510103,5.802862522832527e-235,1.2394463641001514e-234
R,α-helix,212797,384130,3127861,6764368,1.1980282418008368,0.0,0.0
R,π-helix,1677,595250,41666,9850563,0.6660593081442264,2.0815557788790442e-60,2.973651112684349e-60
S,3₁₀-helix,22919,843578,243604,9379055,1.0460322803451667,1.325298934869294e-10,1.4952090547243316e-10
S,IDR,331971,534526,2328263,7294396,1.9457570476872337,0.0,0.0
S,PPII-helix,28040,838457,372845,9249814,0.8296633215129354,8.692713727140729e-194,1.692386743337133e-193
S,bend,58257,808240,573526,9049133,1.13726490388615,7.728176077639347e-180,1.416832280900547e-179
S,loop,4738,861759,35947,9586712,1.466277794557278,3.4143594011091966e-136,5.868430220656432e-136
S,turn,65659,800838,789923,8832736,0.9167693441927508,5.352397659634771e-94,8.532807863185866e-94
S,unassigned,86585,779912,857435,8765224,1.1349033310198018,4.789313194348165e-249,1.0642918209662587e-248
S,ß-bridge,4605,861892,56181,9566478,0.9097863084743872,7.925122433170412e-10,8.850390534505028e-10
S,ß-strand,70645,795852,1167807,8454852,0.6426641188352172,0.0,0.0
S,α-helix,190785,675712,3149873,6472786,0.5802041084994872,0.0,0.0
S,π-helix,1719,864778,41624,9581035,0.45755136768650995,3.0344916456408577e-232,6.3579824956284636e-232
T,3₁₀-helix,9311,539666,257212,9682967,0.6495139670611069,0.0,0.0
T,IDR,157819,391158,2502415,7437764,1.1991958854846572,0.0,0.0
T,PPII-helix,16527,532450,384358,9555821,0.7716978260152003,1.3963328450241494e-227,2.8443817213454896e-227
T,bend,38147,510830,593636,9346543,1.1757494196270208,1.2518948421080682e-192,2.4159374145945178e-192
T,loop,2527,546450,38158,9902021,1.2000326187078378,8.135376279630819e-19,9.622488072681614e-19
T,turn,36210,512767,819372,9120807,0.7860688819120129,0.0,0.0
T,unassigned,59859,489118,884161,9056018,1.2534924842700879,0.0,0.0
T,ß-bridge,4361,544616,56425,9883754,1.4026394528273645,7.047434083072514e-103,1.140026101673495e-102
T,ß-strand,77038,471939,1161414,8778765,1.2338589002231248,0.0,0.0
T,α-helix,144428,404549,3196230,6743949,0.7532801428090444,0.0,0.0
T,π-helix,2399,546578,40944,9899235,1.061181002244265,0.004949030193460579,0.005135786049817582
V,3₁₀-helix,8376,614703,258147,9607930,0.5071472606002296,0.0,0.0
V,IDR,123966,499113,2536268,7329809,0.7177963110501145,0.0,0.0
V,PPII-helix,16231,606848,384654,9481423,0.6592780585320296,0.0,0.0
V,bend,25653,597426,606130,9259947,0.6559893116713637,0.0,0.0
V,loop,1758,621321,38927,9827150,0.7142980889234507,1.5995320229158396e-43,2.1327093638877863e-43
V,turn,22077,601002,833505,9032572,0.39807725421256024,0.0,0.0
V,unassigned,47196,575883,896824,8969253,0.8196340399777697,0.0,0.0
V,ß-bridge,4670,618409,56116,9809961,1.320145055361801,3.658316419318233e-74,5.475031375850417e-74
V,ß-strand,152315,470764,1086137,8779940,2.615449687459842,0.0,0.0
V,α-helix,216003,407076,3124655,6741422,1.1448108205007814,0.0,0.0
V,π-helix,4487,618592,38856,9827221,1.8345282452218468,0.0,0.0
W,3₁₀-helix,5059,123620,261464,10099013,1.5806764046489579,4.261345359174768e-223,8.60088054145366e-223
W,IDR,18379,110300,2641855,7718622,0.4868298071206262,0.0,0.0
W,PPII-helix,2941,125738,397944,9962533,0.585566588118278,7.463523894292068e-184,1.3915044548680125e-183
W,bend,6366,122313,625417,9735060,0.8101453926540246,7.343004513137115e-60,1.0422328986388162e-59
W,loop,252,128427,40433,10320044,0.5008293665556325,9.094423034629641e-29,1.117750317105319e-28
W,turn,9321,119358,846261,9514216,0.8779699567563958,2.2542538218780937e-33,2.850205981684946e-33
W,unassigned,10445,118234,933575,9426902,0.8920431050388309,8.962174561304588e-29,1.1076844963410165e-28
W,ß-bridge,1013,127666,59773,10300704,1.3674014872096467,6.27875577036257e-23,7.507207986303073e-23
W,ß-strand,25018,103661,1213434,9147043,1.8192892580119304,0.0,0.0
W,α-helix,48967,79712,3291691,7068786,1.3191845782571683,0.0,0.0
W,π-helix,839,127840,42504,10317973,1.5931614275146186,5.006706544255933e-41,6.556401427001817e-41
Y,3₁₀-helix,9001,272434,257522,9950199,1.2765766155925646,1.1059710601933357e-111,1.815773382406969e-111
Y,IDR,40357,241078,2619877,7587844,0.48484038374177635,0.0,0.0
Y,PPII-helix,5017,276418,395868,9811853,0.4498610750365225,0.0,0.0
Y,bend,14854,266581,616929,9590792,0.8662305845069798,1.2199075733006158e-63,1.7541154648767023e-63
Y,loop,509,280926,40176,10167545,0.4585379179683264,1.2943629817103602e-71,1.885826860770061e-71
Y,turn,18777,262658,836805,9370916,0.8005590136401709,4.365438211754564e-187,8.208516295606872e-187
Y,unassigned,23122,258313,920898,9286823,0.9026819784780138,3.9640852874054176e-49,5.450617270182449e-49
Y,ß-bridge,2963,278472,57823,10149898,1.8677174449522158,2.462716777785858e-246,5.417976911128888e-246
Y,ß-strand,64739,216696,1173713,9034008,2.2995012392823466,0.0,0.0
Y,α-helix,99243,182192,3241415,6966306,1.1706807858184614,0.0,0.0
Y,π-helix,2691,278744,40652,10167069,2.414471169046937,0.0,0.0
